driverId,resultId,constructorId,result_number,grid,position,positionText,positionOrder,points,laps,time,milliseconds,fastestLap,rank,fastestLapTime,fastestLapSpeed,statusId,driverRef,number,code,forename,surname,dob,nationality,url
173,11427,32,11,7,1,1,1,9,53,1:25:02.212,5102212,\N,\N,\N,\N,1,angelis,\N,\N,Elio,de Angelis,1958-03-26,Italian,http://en.wikipedia.org/wiki/Elio_de_Angelis
177,11428,3,6,6,2,2,2,6,53,+0.050,5102262,\N,\N,\N,\N,1,keke_rosberg,\N,\N,Keke,Rosberg,1948-12-06,Finnish,http://en.wikipedia.org/wiki/Keke_Rosberg
172,11429,27,26,14,3,3,3,4,52,\N,\N,\N,\N,\N,\N,11,laffite,\N,\N,Jacques,Laffite,1943-11-21,French,http://en.wikipedia.org/wiki/Jacques_Laffite
175,11430,6,27,4,4,4,4,3,52,\N,\N,\N,\N,\N,\N,11,tambay,\N,\N,Patrick,Tambay,1949-06-25,French,http://en.wikipedia.org/wiki/Patrick_Tambay
182,11431,1,8,10,5,5,5,2,52,\N,\N,\N,\N,\N,\N,11,lauda,\N,\N,Niki,Lauda,1949-02-22,Austrian,http://en.wikipedia.org/wiki/Niki_Lauda
184,11432,21,30,23,6,6,6,1,52,\N,\N,\N,\N,\N,\N,11,baldi,\N,\N,Mauro,Baldi,1954-01-31,Italian,http://en.wikipedia.org/wiki/Mauro_Baldi
192,11433,56,20,20,7,7,7,0,51,\N,\N,\N,\N,\N,\N,12,serra,\N,\N,Chico,Serra,1957-02-03,Brazilian,http://en.wikipedia.org/wiki/Chico_Serra
117,11434,4,15,3,8,8,8,0,48,\N,\N,\N,\N,\N,\N,98,prost,\N,\N,Alain,Prost,1955-02-24,French,http://en.wikipedia.org/wiki/Alain_Prost
187,11435,1,7,18,9,9,9,0,44,\N,\N,\N,\N,\N,\N,5,watson,\N,\N,John,Watson,1946-05-04,British,http://en.wikipedia.org/wiki/John_Watson_(racing_driver)
205,11436,25,4,19,\N,R,10,0,32,\N,\N,\N,\N,\N,\N,5,henton,\N,\N,Brian,Henton,1946-09-19,British,http://en.wikipedia.org/wiki/Brian_Henton
137,11437,34,1,1,\N,R,11,0,31,\N,\N,\N,\N,\N,\N,10,piquet,\N,\N,Nelson,Piquet,1952-08-17,Brazilian,http://en.wikipedia.org/wiki/Nelson_Piquet
210,11438,55,33,26,\N,R,12,0,28,\N,\N,\N,\N,\N,\N,20,byrne,\N,\N,Tommy,Byrne,1958-05-06,Irish,http://en.wikipedia.org/wiki/Tommy_Byrne_%28racing_driver%29
176,11439,21,29,21,\N,R,13,0,28,\N,\N,\N,\N,\N,\N,5,surer,\N,\N,Marc,Surer,1951-09-18,Swiss,http://en.wikipedia.org/wiki/Marc_Surer
119,11440,34,2,2,\N,R,14,0,27,\N,\N,\N,\N,\N,\N,5,patrese,\N,\N,Riccardo,Patrese,1954-04-17,Italian,http://en.wikipedia.org/wiki/Riccardo_Patrese
158,11441,27,25,22,\N,R,15,0,22,\N,\N,\N,\N,\N,\N,5,cheever,\N,\N,Eddie,Cheever,1958-01-10,American,http://en.wikipedia.org/wiki/Eddie_Cheever
95,11442,32,12,12,\N,R,16,0,17,\N,\N,\N,\N,\N,\N,5,mansell,\N,\N,Nigel,Mansell,1953-08-08,British,http://en.wikipedia.org/wiki/Nigel_Mansell
163,11443,4,16,5,\N,R,17,0,16,\N,\N,\N,\N,\N,\N,98,arnoux,\N,\N,René,Arnoux,1948-07-04,French,http://en.wikipedia.org/wiki/Ren%C3%A9_Arnoux
181,11444,54,9,25,\N,R,18,0,15,\N,\N,\N,\N,\N,\N,20,manfred_winkelhock,\N,\N,Manfred,Winkelhock,1951-10-06,German,http://en.wikipedia.org/wiki/Manfred_Winkelhock
118,11445,53,35,15,\N,R,19,0,7,\N,\N,\N,\N,\N,\N,22,warwick,\N,\N,Derek,Warwick,1954-08-27,British,http://en.wikipedia.org/wiki/Derek_Warwick
170,11446,53,36,17,\N,R,20,0,7,\N,\N,\N,\N,\N,\N,7,fabi,\N,\N,Teo,Fabi,1955-03-09,Italian,http://en.wikipedia.org/wiki/Teo_Fabi
195,11447,57,14,16,\N,R,21,0,6,\N,\N,\N,\N,\N,\N,20,guerrero,\N,\N,Roberto,Guerrero,1958-11-16,Colombian,http://en.wikipedia.org/wiki/Roberto_Guerrero
105,11448,25,3,8,\N,R,22,0,1,\N,\N,\N,\N,\N,\N,20,alboreto,\N,\N,Michele,Alboreto,1956-12-23,Italian,http://en.wikipedia.org/wiki/Michele_Alboreto
211,11449,37,17,24,\N,R,23,0,1,\N,\N,\N,\N,\N,\N,38,keegan,\N,\N,Rupert,Keegan,1955-02-26,British,http://en.wikipedia.org/wiki/Rupert_Keegan
206,11450,3,5,9,\N,R,24,0,0,\N,\N,\N,\N,\N,\N,4,daly,\N,\N,Derek,Daly,1953-03-11,Irish,http://en.wikipedia.org/wiki/Derek_Daly
110,11451,51,22,11,\N,R,25,0,0,\N,\N,\N,\N,\N,\N,4,cesaris,\N,\N,Andrea,de Cesaris,1959-05-31,Italian,http://en.wikipedia.org/wiki/Andrea_de_Cesaris
152,11452,51,23,13,\N,R,26,0,0,\N,\N,\N,\N,\N,\N,4,giacomelli,\N,\N,Bruno,Giacomelli,1952-09-10,Italian,http://en.wikipedia.org/wiki/Bruno_Giacomelli
196,11453,37,18,0,\N,F,27,0,0,\N,\N,\N,\N,\N,\N,81,boesel,\N,\N,Raul,Boesel,1957-12-04,Brazilian,http://en.wikipedia.org/wiki/Raul_Boesel
197,11454,45,31,0,\N,F,28,0,0,\N,\N,\N,\N,\N,\N,81,jarier,\N,\N,Jean-Pierre,Jarier,1946-07-10,French,http://en.wikipedia.org/wiki/Jean-Pierre_Jarier
194,11455,54,10,0,\N,F,29,0,0,\N,\N,\N,\N,\N,\N,81,salazar,\N,\N,Eliseo,Salazar,1954-11-14,Chilean,http://en.wikipedia.org/wiki/Eliseo_Salazar
